{
    "accuracy": 0.9824561403508771,
    "f1_score": 0.9861111111111112,
    "precision": 0.9861111111111112,
    "recall": 0.9861111111111112
}